s_id,s_lname,s_name
1,Trendle,Jasen
2,Pye,Gib
3,Petrolli,Jeramey
4,Pittham,Glenda
5,Atwell,Rollo
6,Reiglar,Lexine
7,De Micoli,Roxanna
8,Willoway,Federico
9,Hateley,Wood
10,Sewter,Fania
11,Guirardin,Delly
12,Walework,Noble
13,Endle,Stacie
14,Blundel,Orin
15,Renoden,Russ
16,Seegar,Gussie
17,Yurmanovev,Ingaborg
18,Staveley,Vivien
19,Rentelll,Maddie
20,Wheadon,Zebulen
21,Mowatt,Nady
22,Balentyne,Filberto
23,Doogood,Cloe
24,Antonietti,Klara
25,Warrell,Jacki
26,Cotton,Isabelle
27,Gino,Brina
28,Gaines,Gwen
29,Cossington,Nathan
30,Honack,Dael
31,Fibbens,Koressa
32,Kubyszek,Worth
33,Pavlenko,Celinka
34,Finlator,Nikki
35,Scamadin,Dante
36,Morrilly,Fidelia
37,Pipping,Beth
38,Thirlwell,Elihu
39,Fabbri,Herb
40,Ingerson,Peyter
41,Moorerud,Curtis
42,Rehme,Dorine
43,Look,Katya
44,Buckmaster,Ashlin
45,Dimock,Gisela
46,Dwyer,Leyla
47,Gors,Sunny
48,Wedlock,Kathi
49,Drugan,Tova
50,Poppleston,Land
51,Keyzman,Sollie
52,Skillern,Eda
53,Lalley,Bliss
54,Danielovitch,Genevieve
55,Speake,Susette
56,Tonkin,Morris
57,Crewther,Cad
58,Brimilcombe,Alastair
59,Wren,Ernesta
60,Dobrovolny,Gabe
61,Whapham,Janka
62,Gariff,Lyell
63,Stainburn,Errick
64,Northey,Winfield
65,Byk,Thomasin
66,Durban,Ivette
67,McLane,Kennith
68,MacKeague,Calhoun
69,Coleson,Liane
70,Farlambe,Barr
71,Durtnal,Tiphany
72,Eustice,Georgette
73,Jerams,Leola
74,Borrell,Harold
75,Hugle,Sarine
76,Vergine,Reyna
77,Haslehurst,Hallsy
78,Smellie,Marlo
79,Breeds,Rayner
80,Scallan,Candace
81,Warman,Helaine
82,Christoffersen,Reuben
83,Engelbrecht,Marten
84,Reddecliffe,Shayna
85,Depper,Teddie
86,Bamling,Yul
87,Vockings,Addison
88,de Quesne,Aaren
89,Mitkcov,Felita
90,Cozby,Bonnibelle
91,Ballin,Crystal
92,Akam,Serena
93,Pieroni,Gaby
94,Swatten,Helaine
95,Steinson,Keen
96,Idel,Barrie
97,Hamilton,Ezra
98,Aidler,Carissa
99,Tunnick,Valida
100,Gudd,Boote
101,Jedryka,Milty
102,Werlock,Emmalee
103,Standish-Brooks,Olvan
104,Caney,Tedie
105,Shaul,Ursola
106,Grimsdyke,Tobit
107,McIan,Lurleen
108,Aickin,Dagny
109,Pettigree,Joell
110,Garfoot,Agnes
111,Puckham,Alfreda
112,McKinna,Malanie
113,Stocken,Annabella
114,Oliva,Rolph
115,Tubb,Alina
116,Wheldon,Garrik
117,Jales,Sherrie
118,Cawood,Monti
119,Pepye,Jarret
120,Boot,Algernon
121,Barwood,Trueman
122,Redholls,Adelle
123,Bridell,Cello
124,Shann,Vita
125,McCurt,Letisha
126,Dubois,Stacee
127,Guidelli,Trever
128,Greenman,Ninnette
129,Brastead,Trumann
130,Audry,Ellerey
131,Dunne,Sarita
132,Clearie,David
133,Hinchon,Pierette
134,Wallbutton,Gabie
135,Clouter,Audra
136,Petracco,Sinclair
137,Daile,Wat
138,Heeran,Zarah
139,Wabey,Bryant
140,Beausang,Emogene
141,Iacovides,Cole
142,McLarens,Agata
143,Qusklay,Giffard
144,Titchener,Diego
145,Samuels,Sybille
146,Stinson,Netty
147,O'Beirne,Milzie
148,Iglesias,Simeon
149,Greenhouse,Karel
150,Durek,Hedwig
151,Gawne,Phoebe
152,Garfoot,Marty
153,Rigmond,Terri
154,Tuson,Roland
155,Toynbee,Brittaney
156,Koenraad,Kaycee
157,Petrushka,Druci
158,Theis,Bonny
159,Gorner,Raphaela
160,Huntar,Mitchell
161,Rentelll,Benni
162,Tomlins,Randie
163,Garfitt,Charlton
164,Alman,Deborah
165,Freund,Brenna
166,Nisard,Agathe
167,Bramah,Bambie
168,Leethem,Kipp
169,Zarfati,Mariellen
170,Tavinor,Pip
171,Ohrtmann,Lorne
172,Zum Felde,Hollyanne
173,Soutar,Katrina
174,Pursglove,Lezlie
175,Matyashev,Megen
176,Skarr,Toby
177,Streatfield,Falkner
178,Sargeant,Tonia
179,Duns,Sande
180,Popping,Moira
181,Arpe,Val
182,Antognetti,Ban
183,MacFadyen,Roderich
184,Grichukhanov,Janeva
185,Scholtz,Gianina
186,Boow,Glen
187,Renoden,Sonnie
188,Soots,Agathe
189,Glanester,Jorge
190,Pavy,Zelig
191,Towndrow,Dale
192,Schout,Cynthia
193,Kryska,Irvin
194,Vaughan,Giustina
195,Meere,Aldrich
196,MacKall,Sosanna
197,Sparkes,Raviv
198,Sundin,Blinni
199,Puckey,Mandel
200,Truwert,Merrilee
201,Overbury,Genni
202,Toten,Olivia
203,Corradengo,Coralie
204,Sergent,Pace
205,McCarlich,Cyndy
206,Houson,Donnie
207,MacAfee,Kiah
208,Ledwidge,Delmore
209,Cumo,Ephrayim
210,Stainfield,Corene
211,Ebbett,Valeda
212,Talks,Terrijo
213,Rowdell,Sada
214,Muat,Stephanus
215,Luisetti,Linn
216,Friar,Bibbie
217,Feetham,Kienan
218,Childes,Dorry
219,Morteo,Mortimer
220,Manwaring,Jillane
221,Bester,Daryn
222,Woodcraft,Pavla
223,Gallichiccio,Celine
224,Guillford,Jocko
225,Bottell,Chere
226,Vince,Karna
227,McGarrity,Berky
228,Stennett,Teddy
229,Peckett,Rawley
230,Purkiss,Raye
231,Robyns,Abbe
232,Chatelet,Harvey
233,Lotwich,Golda
234,Shorrock,Claretta
235,Charnley,Zenia
236,Pook,Harlin
237,Methuen,Andie
238,Dallaway,Gwendolin
239,Bezemer,Carolynn
240,Ellor,Rene
241,Dunican,Shani
242,Hill,Sherlock
243,Crathorne,Jaquith
244,Lennie,Jennica
245,Gethin,Louisa
246,Dallan,Ariana
247,Llewellen,Gav
248,Gadman,Orelee
249,Durbyn,Rebekah
250,Alibone,Channa
251,Carneck,Tucky
252,Vallantine,Denny
253,Celloni,Faustina
254,Ough,Bella
255,De Bruijne,Codi
256,Bunten,Dick
257,Clench,Livia
258,Harp,Darrell
259,Wearden,Monty
260,Sansam,Correna
261,Sharphurst,Erv
262,Andersson,Filberto
263,Panting,Gawen
264,Tison,Si
265,Hackforth,Matilde
266,Rookeby,Odetta
267,Drepp,Blair
268,McMychem,Adoree
269,Cuckoo,Colette
270,Titcom,Sibley
271,Tomsen,Jarib
272,Collishaw,Chiquia
273,Dominelli,Shawn
274,Huntley,Arnold
275,Loton,Rois
276,Gerardin,Maximo
277,Jagiela,Burch
278,Petican,Minor
279,Churchin,Anastasia
280,Risebrow,Peyter
281,Exley,Natividad
282,Parkinson,Lew
283,Meynell,Maxim
284,Stiell,Marylou
285,Lowry,Riccardo
286,Deakins,Opal
287,Kunzelmann,Englebert
288,Poznan,Evy
289,Bourgour,Octavius
290,Le Barr,Cornie
291,Edgar,Demetris
292,Darington,Devy
293,Reardon,Annecorinne
294,Staries,Kaleena
295,Sandiland,Dario
296,Dalyiel,Townsend
297,Isoldi,Dalt
298,Stileman,Jemie
299,Andrich,Maynard
300,Bonar,Addie
301,Haggerston,Georgetta
302,Pook,Jesse
303,Fattorini,Karlen
304,Elloy,Sigismond
305,Tyrwhitt,Teirtza
306,Borg-Bartolo,Codee
307,Rate,Mame
308,Eydel,Rustie
309,Klyn,Conan
310,Duckit,Grace
311,Scarre,Dot
312,Ambrogiotti,Gram
313,Kennally,Romy
314,Bucky,Tabina
315,Robens,Barbette
316,Oldale,Cecilla
317,Shatliffe,Salomon
318,Pontin,Mercedes
319,Wilkennson,Cary
320,Scates,Miranda
321,Nasey,Devin
322,Tissiman,Franny
323,Whitticks,Holly-anne
324,Mahaffey,Thaxter
325,Hughill,Eartha
326,Pawelek,Shoshana
327,Felton,Diane-marie
328,Etherson,Viv
329,Cassimer,Jarrid
330,Hubbucks,Trula
331,Faulds,Natasha
332,Cornick,Johann
333,Wordington,Casey
334,Crosby,Sybille
335,Ivantyev,Almire
336,Carnock,Loise
337,Harbisher,Orland
338,Bertomier,Terrel
339,Lamming,Billy
340,Ratcliff,Hobey
341,Preist,Ermanno
342,Petyankin,Shep
343,Fillingham,Ive
344,Chritchley,Donal
345,Kerrane,Dante
346,Strover,Curt
347,Everingham,Kathe
348,Leonards,Kristina
349,Everington,Arda
350,Priestner,Corrie
351,Adolthine,Lanae
352,Marien,Demetria
353,Peppett,Andie
354,Blogg,Farrel
355,Leahy,Robert
356,Ickovitz,Cordelie
357,Gissing,Loralyn
358,Skowcraft,Avis
359,Sange,Sebastien
360,Quince,Osborne
361,Snazle,Rodge
362,Prawle,Kalle
363,Caldaro,Tim
364,Comettoi,Trever
365,Christoffe,Emilee
366,Veque,Barnie
367,Dudek,Sheree
368,Lockless,Steward
369,Hanwell,Ilaire
370,Kimbly,Shermie
371,Creser,Rudolph
372,Whitten,Corette
373,Brickham,Queenie
374,Bothbie,Worth
375,Warrick,Alexei
376,Auckland,Karita
377,Campion,Shana
378,Rickets,Gan
379,Ambrosoni,Judah
380,Stealfox,Claudio
381,MacFarlan,Joyann
382,Toler,Brittan
383,Prestidge,Darill
384,Jevons,Emlynne
385,Krystek,Drusilla
386,Goodale,Abey
387,Mattacks,Garvin
388,Caselli,Bartolomeo
389,Dibdale,Agneta
390,Pollicote,Yoshiko
391,Lippingwell,Darla
392,Glaves,Sly
393,Domniney,Bernard
394,Parry,Fonzie
395,Sudell,Ray
396,Judron,Esdras
397,Krzyzowski,Karly
398,Ramiro,Kimbra
399,Sodory,Antonin
400,Justis,Vidovic
401,Weild,Bernette
402,Maddrah,Peta
403,Fallen,Min
404,Wheway,Jordana
405,Yourell,Janka
406,Sheaf,Eddy
407,Deverick,Caleb
408,McCaughren,Ricoriki
409,Theuss,Nannette
410,Jacquemet,Salmon
411,Rubbens,Magdalen
412,Baskeyfield,Dot
413,Shay,Fraser
414,McTrustram,Sherlock
415,ducarme,Arie
416,Cuerdall,Bartholomeus
417,Aleksashin,Xena
418,Dunnan,Sabrina
419,Alison,Andeee
420,Lomas,Nanon
421,Mathey,Em
422,Chorlton,Margalit
423,Swanwick,Sterne
424,Piscopello,Windham
425,Frankum,Biddy
426,Hannan,Alma
427,Argent,Jerri
428,Denty,Amber
429,Temblett,Glenn
430,Scudders,Jeane
431,Gauntley,Corrianne
432,Enos,Cacilie
433,Flynn,Gerty
434,Boncore,Normy
435,Pilgram,Alfreda
436,Sedgmond,Rickert
437,Garter,Archy
438,Benedite,Inga
439,Tertre,Ronnica
440,Natwick,William
441,Boole,Atalanta
442,Bickerdike,Gibby
443,Bynold,Karoly
444,Chace,Kimmi
445,Geeraert,Kyle
446,Soda,Edi
447,Medwell,Glynn
448,Ordish,Chen
449,Craisford,Roxanna
450,Roby,Sapphire
451,Gheerhaert,Jessika
452,Ledgerton,Cassey
453,Van Der Weedenburg,Adolph
454,De Benedictis,Modesty
455,Gadeaux,Gill
456,Mauchline,Pascal
457,Whitsey,Reina
458,Fallows,Rufus
459,Seater,Fleming
460,Trevascus,Rudy
461,Giacobillo,Webb
462,Safhill,Livvy
463,McGinnell,Zorana
464,Noah,Dennet
465,Hursthouse,Bekki
466,Wren,Dru
467,Boltwood,Anabal
468,Baybutt,Mead
469,Donald,Zelig
470,Applewhite,Ford
471,Genicke,Anneliese
472,Petrazzi,Dulcea
473,Shank,Armando
474,Walby,Baron
475,Dupre,Jourdan
476,Langelaan,Lonni
477,Hayden,Miguelita
478,Housen,Nanice
479,Clitheroe,Karoline
480,Bramsen,Kelsi
481,Dumbelton,Maynard
482,Cornilleau,Dukie
483,Rounsefull,Devon
484,Hayles,Willy
485,Usborn,Ceil
486,Doumenc,Jeremiah
487,Casotti,Brena
488,Poynton,Shermy
489,Romain,Obie
490,McGregor,Melvin
491,Twentyman,Chev
492,Bohlin,Sarette
493,Attoc,Rozanne
494,Wauchope,Joseito
495,Tuddall,Laraine
496,Palffrey,Lula
497,Fowlds,Babb
498,Pearse,Elton
499,Londer,Electra
500,Grandham,Jana
501,Botterill,Devondra
502,Dericot,Thomasina
503,Binyon,Hersch
504,Rumbellow,Kile
505,Stegers,Dewitt
506,Cunnell,Carlos
507,Muzzollo,Nye
508,Wadge,Donni
509,Elward,Stacy
510,Sander,Geoff
511,Giacobbo,Jeanine
512,Petrovsky,Nike
513,Folger,Ernst
514,Shackesby,Marcel
515,Greder,Allx
516,Haily,Rahel
517,Bridie,Quinta
518,Postans,Cami
519,Moffat,Lucy
520,Dorey,Audie
521,Wraxall,Carita
522,Belt,Evelyn
523,Douberday,Jodie
524,Bray,Burtie
525,Vineall,Abramo
526,Uttley,Marci
527,Adriani,Sybille
528,Shuker,Sheilakathryn
529,Aleavy,Delora
530,Loughnan,Shirlene
531,Fripps,Vlad
532,Bess,Fairleigh
533,Barbara,Lynett
534,Yelland,Ettie
535,Garnall,Crista
536,Jagielski,Jilly
537,Dilawey,Boris
538,Regglar,Wilmer
539,Cassimer,Concettina
540,Salatino,Regan
541,Uebel,Jasmine
542,Graalman,Lyndsey
543,Gelland,Hayden
544,Trass,Shandee
545,Leaney,Stepha
546,Malec,Reynold
547,MacArthur,Madelina
548,Djekic,Esma
549,Downage,Russell
550,Cayzer,Brenda
551,Wileman,Christiane
552,Terrett,Rich
553,Kas,Fletcher
554,Janowski,Brockie
555,Howison,Tybie
556,Kewzick,Emelen
557,Metcalf,Mireille
558,Engelmann,Eddie
559,Ghelerdini,Ninon
560,Worsnap,Stephen
561,Moylane,Rana
562,Kitchen,Magda
563,Brockbank,Davida
564,Ludlow,Leonanie
565,O'Cannon,Xylina
566,Antcliffe,Viviene
567,Paik,Geri
568,Warbys,Corinna
569,Cotgrove,Luciano
570,Barttrum,Chlo
571,Lloyd-Williams,Fulton
572,Yemm,Carling
573,Hallybone,Edouard
574,Klausen,Esteban
575,Abdy,Aubry
576,Owbrick,Florencia
577,Balas,Vina
578,Hutley,Josy
579,Bourgeois,Morly
580,Peacher,Eve
581,Treadaway,Averill
582,Brownsett,Tymon
583,Estcourt,Artemis
584,Meek,Jaclin
585,Grieswood,Mattheus
586,Lias,Lorri
587,Blyth,Milicent
588,Seed,Tate
589,Casford,Darcy
590,McElrath,Barnabe
591,Stonman,Ferdinand
592,Tinklin,Conny
593,Chelam,Gilemette
594,Zammett,Jeri
595,Dericot,Cherye
596,Togher,Kin
597,Tripney,Shaylah
598,Mower,Drew
599,Cuddihy,Pierette
600,Bodley,Madelena
601,Laxe,Marco
602,Laurance,Cori
603,Stanier,Erma
604,Spurdon,Reine
605,Zanini,Britt
606,Tennick,Nata
607,Pixton,Giraldo
608,Howells,Tannie
609,Slatcher,Dermot
610,Petofi,Brier
611,Roberson,Spenser
612,Elcoat,Datha
613,Kench,Justinian
614,Manon,Pietrek
615,Cottem,Gardie
616,Hymas,Stirling
617,Ummfrey,Den
618,Canon,Symon
619,Bewlay,Brenna
620,Sorbey,Jayne
621,Samwyse,Sisile
622,Jevons,Sissy
623,McDirmid,Jonathon
624,Merrigans,Jocko
625,Clee,Veradis
626,Rihosek,Allayne
627,Moffett,Torey
628,Whatmough,Kimberlyn
629,Gabbott,Vanna
630,Jelkes,Zacharia
631,Smeed,Lanna
632,Tallyn,Nate
633,Maltby,Dalila
634,Dell,Guglielma
635,Crone,Quintin
636,Freake,Lola
637,Moyne,Chase
638,Moreno,Juliana
639,Barczynski,Emmalynn
640,Aarons,Austina
641,Lube,Tades
642,MacAlpine,Vernice
643,Mellenby,Juli
644,Ludlom,Gabriela
645,Casetti,Marian
646,Skells,Abramo
647,Rounds,Normy
648,Bailiss,Leshia
649,Geockle,Iver
650,Luckes,Wini
651,Dekeyser,Birk
652,Cardon,Nicholas
653,Canellas,Viviana
654,Danahar,Marsiella
655,Wildbore,Star
656,Blackley,Dov
657,Saurat,Nathan
658,Mateo,Normie
659,MacNeill,Donnamarie
660,von Nassau,Rainer
661,Wallen,Mead
662,Elvidge,Riki
663,Trewman,Dorian
664,Carine,Korey
665,Palmby,Aaren
666,Ferrieres,Humphrey
667,Bartolic,Latashia
668,Brightman,Trudi
669,MacCaghan,Leonhard
670,Sans,Klarika
671,Kalisz,Chandal
672,MacCoughan,Findley
673,Gemmell,Haley
674,Barabich,Elnore
675,Daudray,Judye
676,Apthorpe,Quill
677,Lynas,Rosalia
678,Savine,Crawford
679,Geffe,Georgy
680,Davers,Dickie
681,Hatchett,Jsandye
682,Larvent,Shay
683,Sokell,Isabelita
684,Fumagalli,Immanuel
685,Cracknall,Berny
686,Silburn,Washington
687,McMeeking,Marne
688,Bax,Ulla
689,Drohun,Shepperd
690,Lynagh,Brunhilda
691,Pinnigar,Amaleta
692,Jennrich,Bobbette
693,Pollock,Nonnah
694,Lorentz,Alena
695,Reynalds,Warner
696,Pepi,Petunia
697,Staniland,Robinet
698,Brunel,Tina
699,Alred,Genevieve
700,Ellingford,Renie
701,Pietasch,Mirna
702,Domleo,Rosemary
703,Arman,Donalt
704,Coathup,Christalle
705,Ryles,Loree
706,Pavlata,Adela
707,Bedding,Ignacio
708,Henmarsh,Bernice
709,Mowbury,Dona
710,Dunckley,Beck
711,Roskams,Alejandrina
712,O'Corhane,Dyane
713,Van den Hof,Jordon
714,Harewood,Niles
715,Lardeux,Adriane
716,Tungay,Jodi
717,Reolfo,Louis
718,Reggio,Oren
719,Renne,Kayla
720,Cray,Vinnie
721,Cutford,Jodie
722,Woodhouse,Anissa
723,McKerron,Lanna
724,Ambrogioni,Gillie
725,Kinloch,Odo
726,Pym,Ly
727,Creasy,Magnum
728,Wharfe,Ralina
729,Darree,Billi
730,Tozer,Federico
731,Pickaver,Crysta
732,Stutely,Cristionna
733,Chavez,Rosette
734,Beades,Eileen
735,Gullen,Dewitt
736,Gainsboro,Charis
737,Cowdrey,Suzie
738,Youell,Lorrin
739,Spinige,Bail
740,Dodding,Christopher
741,Fairburne,Del
742,Madge,Harbert
743,Ochterlony,Arly
744,Warne,Ruggiero
745,McGonigal,Griswold
746,Fipp,Elyse
747,Newcom,Gonzalo
748,MacConnulty,Donielle
749,Becken,Wallis
750,Chessun,Erina
751,Sinnott,Reggie
752,Punchard,Chandler
753,Keig,Conn
754,Pardal,Vonni
755,Bond,Briggs
756,Luggar,Oona
757,Tilling,Hildy
758,Chittleburgh,Reese
759,Sirkett,Cacilie
760,Smorthit,Emery
761,Drysdell,Howey
762,Borwick,Maryl
763,Layborn,Jecho
764,Cromley,Ileane
765,Myrick,Carlynne
766,Nucator,Jammie
767,Boice,Jeanne
768,Noads,Katine
769,Tape,Willie
770,Skamell,Oralee
771,Spinige,Jacquelin
772,Tilford,Isabeau
773,Reiling,Faustina
774,Kunc,Alwyn
775,Pickworth,Sallee
776,Augur,Elysha
777,Kobieriecki,Ker
778,Domaschke,Tamarra
779,Norris,Tera
780,Bloomer,Herschel
781,Gajewski,Emmey
782,Alexandrou,Malissia
783,Edworthie,Zia
784,Plevin,Sander
785,Pol,Leonore
786,Schust,Myra
787,Fantin,Cross
788,Naylor,Dimitry
789,McKleod,Mabelle
790,Babin,Janaya
791,Anwyl,Risa
792,Conws,Sibley
793,Heino,Johnnie
794,Brownsword,Mayor
795,Freyn,Maryann
796,Alabaster,Lionel
797,Gubbin,Harvey
798,Mattin,Lexy
799,Bertelet,Eamon
800,Feuell,Oliver
801,Woolaston,Johnathan
802,Hastie,Ado
803,Pinnigar,Timmi
804,Yanson,Garrot
805,Negri,Elwyn
806,Westgarth,Shaina
807,Leek,Josephine
808,Tompkin,Aurie
809,Divell,Margaretta
810,Tommei,Shelden
811,Gue,Archy
812,Childs,Ignacio
813,Tupp,Carolin
814,Godsafe,Gussi
815,Sparsholt,Jacquie
816,Gress,Cindie
817,Beals,Heidi
818,Berford,Royce
819,Deporte,Vere
820,Billie,Baxter
821,Niessen,Letizia
822,Dallywater,Tynan
823,Erwin,Yolanthe
824,Dicks,Nappy
825,Fagan,Johann
826,Stookes,Ulysses
827,Khristyukhin,Tana
828,Challen,Reynolds
829,Whistance,Leone
830,Ranyard,Gloriane
831,Gerard,Andres
832,McKall,Loise
833,Jahnisch,Conney
834,Gledstane,Betsey
835,Penniell,Pail
836,Pennaman,Lucretia
837,Helks,Evania
838,Dorr,Vivienne
839,Anning,Yolanda
840,Artus,Tabatha
841,Gniewosz,Aubrette
842,Beldum,Virgil
843,Thurlborn,Carce
844,Mac Geaney,Fancy
845,Aaron,Crichton
846,Cordall,Beck
847,Yushkov,Joachim
848,Brydon,Zelma
849,Snashall,Reynolds
850,Estevez,Odelia
851,Spencer,Deck
852,Maddocks,Opal
853,Tersay,Sydney
854,Lissaman,Killy
855,Kenzie,Kristi
856,Mungane,Biddie
857,Reuben,Annalee
858,Mead,Josey
859,Tillman,Neils
860,Simister,Bud
861,Gidden,Rubina
862,Hacker,Lisa
863,Rickert,El
864,Giorgione,Cora
865,Mableson,Matty
866,Yegorkov,Hinda
867,Cawkill,Erick
868,Woolager,Nero
869,Sayce,Caralie
870,Bantham,Katharyn
871,Gopsill,Harmony
872,Hedylstone,Aile
873,Breit,Elaine
874,Spiers,Sammy
875,Housego,Ealasaid
876,Hemshall,Isidora
877,Peatheyjohns,Marita
878,Marvin,Aaren
879,Doge,Rey
880,Flowerdew,Mariquilla
881,Nisius,Cyndia
882,Duggen,Delora
883,Matushevitz,Bradan
884,Waller,Tillie
885,Kalvin,Kerwin
886,Clohessy,Lolly
887,Labrow,Lyndsay
888,Teaze,Ronny
889,Oxterby,Jordan
890,Alejandro,Lorin
891,Maher,Teodoor
892,Yegorev,Werner
893,Larking,Eldredge
894,Nowak,Haley
895,Inggall,Odilia
896,Astman,Oralle
897,Chatelot,Brandy
898,Fenners,Tiphany
899,Fairnie,Marcos
900,Cummungs,Sacha
901,Briscoe,Margarette
902,Dell'Abbate,Adolpho
903,McDermott,Trixy
904,Pieterick,Moe
905,Balducci,Barbaraanne
906,Probbings,Sharleen
907,Swaisland,Jorgan
908,Phillpotts,Thalia
909,Hacard,Marline
910,Schukraft,Sandie
911,Myton,Demeter
912,Wenman,Sidonnie
913,Mechic,Analiese
914,Scarffe,Chrotoem
915,Grigorushkin,Clementina
916,Burel,Brandtr
917,Gresty,Sansone
918,Brandsma,Karol
919,Pottle,Dory
920,Fleg,Sterling
921,Wheelton,Teodoro
922,Feckey,Amery
923,O'Riordan,Kalie
924,Toward,Maddi
925,Polon,Kimbra
926,Newlan,Fredra
927,McMurrugh,Lavina
928,Denington,Caesar
929,Scurry,Elaina
930,Kinnerley,Tomas
931,Duling,Melesa
932,Gullyes,Halie
933,Marner,Guinna
934,Brockie,Eartha
935,Handforth,Derry
936,Soanes,Nathanil
937,Bagster,Giraud
938,Cabral,Carlotta
939,Bouttell,Thorpe
940,Biasioli,Godfree
941,Dowson,Terza
942,Janoch,Ame
943,Norrey,Bridgette
944,De Beneditti,Cliff
945,Esseby,Grenville
946,Weth,Nicolle
947,Spedroni,Jorry
948,Roe,Joell
949,Robley,Gordon
950,Spurway,Karim
951,McGinley,Mureil
952,Causon,Kearney
953,Rosenberg,Krisha
954,Carillo,Bayard
955,Pharoah,Berti
956,Handrock,Levin
957,Duchatel,Karoly
958,Wooton,Hillery
959,Brabbs,Stephine
960,Kentwell,Warden
961,Steddall,Guthrie
962,Kilgrew,Brig
963,Sibly,Dorena
964,Robert,Forest
965,Bachelor,Luce
966,Wellbelove,Guss
967,Bowbrick,Abel
968,Engley,Jeanne
969,Dunlap,Cassius
970,Ludgrove,Worthy
971,MacAloren,Pammie
972,Priel,Darb
973,Ekins,Forrest
974,Ridel,Susanna
975,Binford,Wolfie
976,Melland,Leeland
977,Stubs,Ardella
978,Stainer,Milly
979,Ashfull,Cordi
980,Knoble,Marget
981,Pascho,Tristam
982,Deverille,Constancy
983,Truluck,Sibbie
984,Harfleet,Efrem
985,Daye,Ranice
986,Huxtable,Burl
987,Tezure,Gil
988,Quiddinton,Greggory
989,Janowicz,Catlaina
990,Proppers,Nikolos
991,Jelfs,Philip
992,Takkos,Jaquelyn
993,Grigoli,Tamera
994,Trosdall,Giacinta
995,Ondrus,Jerrilee
996,Dicken,Giralda
997,De Santos,Tore
998,Osmund,Eveleen
999,Lerigo,Korie
1000,Gennrich,Ayn
